<?xml version="1.0" encoding="UTF-8"?>
<jcr:root xmlns:sling="http://sling.apache.org/jcr/sling/1.0" xmlns:jcr="http://www.jcp.org/jcr/1.0" xmlns:rep="internal"
    jcr:mixinTypes="[rep:AccessControllable,sling:Redirect]"
    jcr:primaryType="sling:OrderedFolder"
    sling:resourceType="sling:redirect"
    sling:target="/content/geometrixx">
    <geometrixx/>
    <geometrixx_mobile/>
    <campaigns/>
    <dam/>
    <usergenerated/>
    <wiki/>
    <rep:policy/>
    <training-page/>
    <training-basicpage/>
    <training-landingpage/>
</jcr:root>
